<?xml version="1.0" encoding="UTF-8"?>
<project-private xmlns="http://www.netbeans.org/ns/project-private/1">
    <editor-bookmarks xmlns="http://www.netbeans.org/ns/editor-bookmarks/2" lastBookmarkId="0"/>
    <open-files xmlns="http://www.netbeans.org/ns/projectui-open-files/2">
        <group>
            <file>file:/C:/Users/BackBencher/Documents/NetBeansProjects/PopulationSurveySystem/src/populationsurveysystem/Statistics.java</file>
            <file>file:/C:/Users/BackBencher/Documents/NetBeansProjects/PopulationSurveySystem/src/populationsurveysystem/Add_People.java</file>
            <file>file:/C:/Users/BackBencher/Documents/NetBeansProjects/PopulationSurveySystem/src/populationsurveysystem/Search.java</file>
            <file>file:/C:/Users/BackBencher/Documents/NetBeansProjects/PopulationSurveySystem/src/populationsurveysystem/Login.java</file>
            <file>file:/C:/Users/BackBencher/Documents/NetBeansProjects/PopulationSurveySystem/src/populationsurveysystem/Employee_Panel.java</file>
            <file>file:/C:/Users/BackBencher/Documents/NetBeansProjects/PopulationSurveySystem/src/populationsurveysystem/Login_form.java</file>
            <file>file:/C:/Users/BackBencher/Documents/NetBeansProjects/PopulationSurveySystem/src/populationsurveysystem/People.java</file>
            <file>file:/C:/Users/BackBencher/Documents/NetBeansProjects/PopulationSurveySystem/src/populationsurveysystem/Change_pass.java</file>
            <file>file:/C:/Users/BackBencher/Documents/NetBeansProjects/PopulationSurveySystem/src/populationsurveysystem/Admin_Panel.java</file>
            <file>file:/C:/Users/BackBencher/Documents/NetBeansProjects/PopulationSurveySystem/src/populationsurveysystem/MyComponent.java</file>
        </group>
    </open-files>
</project-private>
